[
 {
   "App": "Photo Editor & Candy Camera & Grid & ScrapBook",
   "Category": "ART_AND_DESIGN",
   "Rating": "4.1",
   "Reviews": "159",
   "Size": "19M",
   "Installs": "10,000+",
   "Type": "Free",
   "Price": "0",
   "Content Rating": "Everyone",
   "Genres": "Art & Design",
   "Last Updated": "January 7, 2018",
   "Current Ver": "1.0.0",
   "Android Ver": "4.0.3 and up"
 },
 {
   "App": "Coloring book moana",
   "Category": "ART_AND_DESIGN",
   "Rating": "3.9",
   "Reviews": "967",
   "Size": "14M",
   "Installs": "500,000+",
   "Type": "Free",
   "Price": "0",
   "Content Rating": "Everyone",
   "Genres": "Art & Design;Pretend Play",
   "Last Updated": "January 15, 2018",
   "Current Ver": "2.0.0",
   "Android Ver": "4.0.3 and up"
 },
 {
   "App": "U Launcher Lite – FREE Live Cool Themes, Hide Apps",
   "Category": "ART_AND_DESIGN",
   "Rating": "4.7",
   "Reviews": "87510",
   "Size": "8.7M",
   "Installs": "5,000,000+",
   "Type": "Free",
   "Price": "0",
   "Content Rating": "Everyone",
   "Genres": "Art & Design",
   "Last Updated": "August 1, 2018",
   "Current Ver": "1.2.4",
   "Android Ver": "4.0.3 and up"
 },
 {
   "App": "Sketch - Draw & Paint",
   "Category": "ART_AND_DESIGN",
   "Rating": "4.5",
   "Reviews": "215644",
   "Size": "25M",
   "Installs": "50,000,000+",
   "Type": "Free",
   "Price": "0",
   "Content Rating": "Teen",
   "Genres": "Art & Design",
   "Last Updated": "June 8, 2018",
   "Current Ver": "Varies with device",
   "Android Ver": "4.2 and up"
 }
 
]