App,Category,Rating,Reviews,Size,Installs,Type,Price,Content Rating,Genres,Last Updated,Current Ver,Android Ver
Photo Editor & Candy Camera & Grid & ScrapBook,ART_AND_DESIGN,4.1,159,19M,"10,000+",Free,0,Everyone,Art & Design,"January 7, 2018",1.0.0,4.0.3 and up
Coloring book moana,ART_AND_DESIGN,3.9,967,14M,"500,000+",Free,0,Everyone,Art & Design;Pretend Play,"January 15, 2018",2.0.0,4.0.3 and up
"U Launcher Lite – FREE Live Cool Themes, Hide Apps",ART_AND_DESIGN,4.7,87510,8.7M,"5,000,000+",Free,0,Everyone,Art & Design,"August 1, 2018",1.2.4,4.0.3 and up
Sketch - Draw & Paint,ART_AND_DESIGN,4.5,215644,25M,"50,000,000+",Free,0,Teen,Art & Design,"June 8, 2018",Varies with device,4.2 and up
Parkinson Exercices FR,MEDICAL,NaN,3,9.5M,"1,000+",Free,0,Everyone,Medical,"January 20, 2017",1.0,2.2 and up